,country,year,population
0,Afghanistan,1952,8425333
1,Afghanistan,1957,9240934
2,Afghanistan,1962,10267083
3,Afghanistan,1967,11537966
4,Afghanistan,1972,13079460
5,Afghanistan,1977,14880372
6,Afghanistan,1982,12881816
7,Afghanistan,1987,13867957
8,Afghanistan,1992,16317921
9,Afghanistan,1997,22227415
10,Afghanistan,2002,25268405
11,Afghanistan,2007,31889923
12,Albania,1952,1282697
13,Albania,1957,1476505
14,Albania,1962,1728137
15,Albania,1967,1984060
16,Albania,1972,2263554
17,Albania,1977,2509048
18,Albania,1982,2780097
19,Albania,1987,3075321
20,Albania,1992,3326498
21,Albania,1997,3428038
22,Albania,2002,3508512
23,Albania,2007,3600523
24,Algeria,1952,9279525
25,Algeria,1957,10270856
26,Algeria,1962,11000948
27,Algeria,1967,12760499
28,Algeria,1972,14760787
29,Algeria,1977,17152804
30,Algeria,1982,20033753
31,Algeria,1987,23254956
32,Algeria,1992,26298373
33,Algeria,1997,29072015
34,Algeria,2002,31287142
35,Algeria,2007,33333216
36,Angola,1952,4232095
37,Angola,1957,4561361
38,Angola,1962,4826015
39,Angola,1967,5247469
40,Angola,1972,5894858
41,Angola,1977,6162675
42,Angola,1982,7016384
43,Angola,1987,7874230
44,Angola,1992,8735988
45,Angola,1997,9875024
46,Angola,2002,10866106
47,Angola,2007,12420476
48,Argentina,1952,17876956
49,Argentina,1957,19610538
50,Argentina,1962,21283783
51,Argentina,1967,22934225
52,Argentina,1972,24779799
53,Argentina,1977,26983828
54,Argentina,1982,29341374
55,Argentina,1987,31620918
56,Argentina,1992,33958947
57,Argentina,1997,36203463
58,Argentina,2002,38331121
59,Argentina,2007,40301927
60,Australia,1952,8691212
61,Australia,1957,9712569
62,Australia,1962,10794968
63,Australia,1967,11872264
64,Australia,1972,13177000
65,Australia,1977,14074100
66,Australia,1982,15184200
67,Australia,1987,16257249
68,Australia,1992,17481977
69,Australia,1997,18565243
70,Australia,2002,19546792
71,Australia,2007,20434176
72,Austria,1952,6927772
73,Austria,1957,6965860
74,Austria,1962,7129864
75,Austria,1967,7376998
76,Austria,1972,7544201
77,Austria,1977,7568430
78,Austria,1982,7574613
79,Austria,1987,7578903
80,Austria,1992,7914969
81,Austria,1997,8069876
82,Austria,2002,8148312
83,Austria,2007,8199783
84,Bahrain,1952,120447
85,Bahrain,1957,138655
86,Bahrain,1962,171863
87,Bahrain,1967,202182
88,Bahrain,1972,230800
89,Bahrain,1977,297410
90,Bahrain,1982,377967
91,Bahrain,1987,454612
92,Bahrain,1992,529491
93,Bahrain,1997,598561
94,Bahrain,2002,656397
95,Bahrain,2007,708573
96,Bangladesh,1952,46886859
97,Bangladesh,1957,51365468
98,Bangladesh,1962,56839289
99,Bangladesh,1967,62821884
100,Bangladesh,1972,70759295
101,Bangladesh,1977,80428306
102,Bangladesh,1982,93074406
103,Bangladesh,1987,103764241
104,Bangladesh,1992,113704579
105,Bangladesh,1997,123315288
106,Bangladesh,2002,135656790
107,Bangladesh,2007,150448339
108,Belgium,1952,8730405
109,Belgium,1957,8989111
110,Belgium,1962,9218400
111,Belgium,1967,9556500
112,Belgium,1972,9709100
113,Belgium,1977,9821800
114,Belgium,1982,9856303
115,Belgium,1987,9870200
116,Belgium,1992,10045622
117,Belgium,1997,10199787
118,Belgium,2002,10311970
119,Belgium,2007,10392226
120,Benin,1952,1738315
121,Benin,1957,1925173
122,Benin,1962,2151895
123,Benin,1967,2427334
124,Benin,1972,2761407
125,Benin,1977,3168267
126,Benin,1982,3641603
127,Benin,1987,4243788
128,Benin,1992,4981671
129,Benin,1997,6066080
130,Benin,2002,7026113
131,Benin,2007,8078314
132,Bolivia,1952,2883315
133,Bolivia,1957,3211738
134,Bolivia,1962,3593918
135,Bolivia,1967,4040665
136,Bolivia,1972,4565872
137,Bolivia,1977,5079716
138,Bolivia,1982,5642224
139,Bolivia,1987,6156369
140,Bolivia,1992,6893451
141,Bolivia,1997,7693188
142,Bolivia,2002,8445134
143,Bolivia,2007,9119152
144,Bosnia and Herzegovina,1952,2791000
145,Bosnia and Herzegovina,1957,3076000
146,Bosnia and Herzegovina,1962,3349000
147,Bosnia and Herzegovina,1967,3585000
148,Bosnia and Herzegovina,1972,3819000
149,Bosnia and Herzegovina,1977,4086000
150,Bosnia and Herzegovina,1982,4172693
151,Bosnia and Herzegovina,1987,4338977
152,Bosnia and Herzegovina,1992,4256013
153,Bosnia and Herzegovina,1997,3607000
154,Bosnia and Herzegovina,2002,4165416
155,Bosnia and Herzegovina,2007,4552198
156,Botswana,1952,442308
157,Botswana,1957,474639
158,Botswana,1962,512764
159,Botswana,1967,553541
160,Botswana,1972,619351
161,Botswana,1977,781472
162,Botswana,1982,970347
163,Botswana,1987,1151184
164,Botswana,1992,1342614
165,Botswana,1997,1536536
166,Botswana,2002,1630347
167,Botswana,2007,1639131
168,Brazil,1952,56602560
169,Brazil,1957,65551171
170,Brazil,1962,76039390
171,Brazil,1967,88049823
172,Brazil,1972,100840058
173,Brazil,1977,114313951
174,Brazil,1982,128962939
175,Brazil,1987,142938076
176,Brazil,1992,155975974
177,Brazil,1997,168546719
178,Brazil,2002,179914212
179,Brazil,2007,190010647
180,Bulgaria,1952,7274900
181,Bulgaria,1957,7651254
182,Bulgaria,1962,8012946
183,Bulgaria,1967,8310226
184,Bulgaria,1972,8576200
185,Bulgaria,1977,8797022
186,Bulgaria,1982,8892098
187,Bulgaria,1987,8971958
188,Bulgaria,1992,8658506
189,Bulgaria,1997,8066057
190,Bulgaria,2002,7661799
191,Bulgaria,2007,7322858
192,Burkina Faso,1952,4469979
193,Burkina Faso,1957,4713416
194,Burkina Faso,1962,4919632
195,Burkina Faso,1967,5127935
196,Burkina Faso,1972,5433886
197,Burkina Faso,1977,5889574
198,Burkina Faso,1982,6634596
199,Burkina Faso,1987,7586551
200,Burkina Faso,1992,8878303
201,Burkina Faso,1997,10352843
202,Burkina Faso,2002,12251209
203,Burkina Faso,2007,14326203
204,Burundi,1952,2445618
205,Burundi,1957,2667518
206,Burundi,1962,2961915
207,Burundi,1967,3330989
208,Burundi,1972,3529983
209,Burundi,1977,3834415
210,Burundi,1982,4580410
211,Burundi,1987,5126023
212,Burundi,1992,5809236
213,Burundi,1997,6121610
214,Burundi,2002,7021078
215,Burundi,2007,8390505
216,Cambodia,1952,4693836
217,Cambodia,1957,5322536
218,Cambodia,1962,6083619
219,Cambodia,1967,6960067
220,Cambodia,1972,7450606
221,Cambodia,1977,6978607
222,Cambodia,1982,7272485
223,Cambodia,1987,8371791
224,Cambodia,1992,10150094
225,Cambodia,1997,11782962
226,Cambodia,2002,12926707
227,Cambodia,2007,14131858
228,Cameroon,1952,5009067
229,Cameroon,1957,5359923
230,Cameroon,1962,5793633
231,Cameroon,1967,6335506
232,Cameroon,1972,7021028
233,Cameroon,1977,7959865
234,Cameroon,1982,9250831
235,Cameroon,1987,10780667
236,Cameroon,1992,12467171
237,Cameroon,1997,14195809
238,Cameroon,2002,15929988
239,Cameroon,2007,17696293
240,Canada,1952,14785584
241,Canada,1957,17010154
242,Canada,1962,18985849
243,Canada,1967,20819767
244,Canada,1972,22284500
245,Canada,1977,23796400
246,Canada,1982,25201900
247,Canada,1987,26549700
248,Canada,1992,28523502
249,Canada,1997,30305843
250,Canada,2002,31902268
251,Canada,2007,33390141
252,Central African Republic,1952,1291695
253,Central African Republic,1957,1392284
254,Central African Republic,1962,1523478
255,Central African Republic,1967,1733638
256,Central African Republic,1972,1927260
257,Central African Republic,1977,2167533
258,Central African Republic,1982,2476971
259,Central African Republic,1987,2840009
260,Central African Republic,1992,3265124
261,Central African Republic,1997,3696513
262,Central African Republic,2002,4048013
263,Central African Republic,2007,4369038
264,Chad,1952,2682462
265,Chad,1957,2894855
266,Chad,1962,3150417
267,Chad,1967,3495967
268,Chad,1972,3899068
269,Chad,1977,4388260
270,Chad,1982,4875118
271,Chad,1987,5498955
272,Chad,1992,6429417
273,Chad,1997,7562011
274,Chad,2002,8835739
275,Chad,2007,10238807
276,Chile,1952,6377619
277,Chile,1957,7048426
278,Chile,1962,7961258
279,Chile,1967,8858908
280,Chile,1972,9717524
281,Chile,1977,10599793
282,Chile,1982,11487112
283,Chile,1987,12463354
284,Chile,1992,13572994
285,Chile,1997,14599929
286,Chile,2002,15497046
287,Chile,2007,16284741
288,China,1952,556263527
289,China,1957,637408000
290,China,1962,665770000
291,China,1967,754550000
292,China,1972,862030000
293,China,1977,943455000
294,China,1982,1000281000
295,China,1987,1084035000
296,China,1992,1164970000
297,China,1997,1230075000
298,China,2002,1280400000
299,China,2007,1318683096
300,Colombia,1952,12350771
301,Colombia,1957,14485993
302,Colombia,1962,17009885
303,Colombia,1967,19764027
304,Colombia,1972,22542890
305,Colombia,1977,25094412
306,Colombia,1982,27764644
307,Colombia,1987,30964245
308,Colombia,1992,34202721
309,Colombia,1997,37657830
310,Colombia,2002,41008227
311,Colombia,2007,44227550
312,Comoros,1952,153936
313,Comoros,1957,170928
314,Comoros,1962,191689
315,Comoros,1967,217378
316,Comoros,1972,250027
317,Comoros,1977,304739
318,Comoros,1982,348643
319,Comoros,1987,395114
320,Comoros,1992,454429
321,Comoros,1997,527982
322,Comoros,2002,614382
323,Comoros,2007,710960
324,"Congo, Dem. Rep.",1952,14100005
325,"Congo, Dem. Rep.",1957,15577932
326,"Congo, Dem. Rep.",1962,17486434
327,"Congo, Dem. Rep.",1967,19941073
328,"Congo, Dem. Rep.",1972,23007669
329,"Congo, Dem. Rep.",1977,26480870
330,"Congo, Dem. Rep.",1982,30646495
331,"Congo, Dem. Rep.",1987,35481645
332,"Congo, Dem. Rep.",1992,41672143
333,"Congo, Dem. Rep.",1997,47798986
334,"Congo, Dem. Rep.",2002,55379852
335,"Congo, Dem. Rep.",2007,64606759
336,"Congo, Rep.",1952,854885
337,"Congo, Rep.",1957,940458
338,"Congo, Rep.",1962,1047924
339,"Congo, Rep.",1967,1179760
340,"Congo, Rep.",1972,1340458
341,"Congo, Rep.",1977,1536769
342,"Congo, Rep.",1982,1774735
343,"Congo, Rep.",1987,2064095
344,"Congo, Rep.",1992,2409073
345,"Congo, Rep.",1997,2800947
346,"Congo, Rep.",2002,3328795
347,"Congo, Rep.",2007,3800610
348,Costa Rica,1952,926317
349,Costa Rica,1957,1112300
350,Costa Rica,1962,1345187
351,Costa Rica,1967,1588717
352,Costa Rica,1972,1834796
353,Costa Rica,1977,2108457
354,Costa Rica,1982,2424367
355,Costa Rica,1987,2799811
356,Costa Rica,1992,3173216
357,Costa Rica,1997,3518107
358,Costa Rica,2002,3834934
359,Costa Rica,2007,4133884
360,Cote d'Ivoire,1952,2977019
361,Cote d'Ivoire,1957,3300000
362,Cote d'Ivoire,1962,3832408
363,Cote d'Ivoire,1967,4744870
364,Cote d'Ivoire,1972,6071696
365,Cote d'Ivoire,1977,7459574
366,Cote d'Ivoire,1982,9025951
367,Cote d'Ivoire,1987,10761098
368,Cote d'Ivoire,1992,12772596
369,Cote d'Ivoire,1997,14625967
370,Cote d'Ivoire,2002,16252726
371,Cote d'Ivoire,2007,18013409
372,Croatia,1952,3882229
373,Croatia,1957,3991242
374,Croatia,1962,4076557
375,Croatia,1967,4174366
376,Croatia,1972,4225310
377,Croatia,1977,4318673
378,Croatia,1982,4413368
379,Croatia,1987,4484310
380,Croatia,1992,4494013
381,Croatia,1997,4444595
382,Croatia,2002,4481020
383,Croatia,2007,4493312
384,Cuba,1952,6007797
385,Cuba,1957,6640752
386,Cuba,1962,7254373
387,Cuba,1967,8139332
388,Cuba,1972,8831348
389,Cuba,1977,9537988
390,Cuba,1982,9789224
391,Cuba,1987,10239839
392,Cuba,1992,10723260
393,Cuba,1997,10983007
394,Cuba,2002,11226999
395,Cuba,2007,11416987
396,Czech Republic,1952,9125183
397,Czech Republic,1957,9513758
398,Czech Republic,1962,9620282
399,Czech Republic,1967,9835109
400,Czech Republic,1972,9862158
401,Czech Republic,1977,10161915
402,Czech Republic,1982,10303704
403,Czech Republic,1987,10311597
404,Czech Republic,1992,10315702
405,Czech Republic,1997,10300707
406,Czech Republic,2002,10256295
407,Czech Republic,2007,10228744
408,Denmark,1952,4334000
409,Denmark,1957,4487831
410,Denmark,1962,4646899
411,Denmark,1967,4838800
412,Denmark,1972,4991596
413,Denmark,1977,5088419
414,Denmark,1982,5117810
415,Denmark,1987,5127024
416,Denmark,1992,5171393
417,Denmark,1997,5283663
418,Denmark,2002,5374693
419,Denmark,2007,5468120
420,Djibouti,1952,63149
421,Djibouti,1957,71851
422,Djibouti,1962,89898
423,Djibouti,1967,127617
424,Djibouti,1972,178848
425,Djibouti,1977,228694
426,Djibouti,1982,305991
427,Djibouti,1987,311025
428,Djibouti,1992,384156
429,Djibouti,1997,417908
430,Djibouti,2002,447416
431,Djibouti,2007,496374
432,Dominican Republic,1952,2491346
433,Dominican Republic,1957,2923186
434,Dominican Republic,1962,3453434
435,Dominican Republic,1967,4049146
436,Dominican Republic,1972,4671329
437,Dominican Republic,1977,5302800
438,Dominican Republic,1982,5968349
439,Dominican Republic,1987,6655297
440,Dominican Republic,1992,7351181
441,Dominican Republic,1997,7992357
442,Dominican Republic,2002,8650322
443,Dominican Republic,2007,9319622
444,Ecuador,1952,3548753
445,Ecuador,1957,4058385
446,Ecuador,1962,4681707
447,Ecuador,1967,5432424
448,Ecuador,1972,6298651
449,Ecuador,1977,7278866
450,Ecuador,1982,8365850
451,Ecuador,1987,9545158
452,Ecuador,1992,10748394
453,Ecuador,1997,11911819
454,Ecuador,2002,12921234
455,Ecuador,2007,13755680
456,Egypt,1952,22223309
457,Egypt,1957,25009741
458,Egypt,1962,28173309
459,Egypt,1967,31681188
460,Egypt,1972,34807417
461,Egypt,1977,38783863
462,Egypt,1982,45681811
463,Egypt,1987,52799062
464,Egypt,1992,59402198
465,Egypt,1997,66134291
466,Egypt,2002,73312559
467,Egypt,2007,80264543
468,El Salvador,1952,2042865
469,El Salvador,1957,2355805
470,El Salvador,1962,2747687
471,El Salvador,1967,3232927
472,El Salvador,1972,3790903
473,El Salvador,1977,4282586
474,El Salvador,1982,4474873
475,El Salvador,1987,4842194
476,El Salvador,1992,5274649
477,El Salvador,1997,5783439
478,El Salvador,2002,6353681
479,El Salvador,2007,6939688
480,Equatorial Guinea,1952,216964
481,Equatorial Guinea,1957,232922
482,Equatorial Guinea,1962,249220
483,Equatorial Guinea,1967,259864
484,Equatorial Guinea,1972,277603
485,Equatorial Guinea,1977,192675
486,Equatorial Guinea,1982,285483
487,Equatorial Guinea,1987,341244
488,Equatorial Guinea,1992,387838
489,Equatorial Guinea,1997,439971
490,Equatorial Guinea,2002,495627
491,Equatorial Guinea,2007,551201
492,Eritrea,1952,1438760
493,Eritrea,1957,1542611
494,Eritrea,1962,1666618
495,Eritrea,1967,1820319
496,Eritrea,1972,2260187
497,Eritrea,1977,2512642
498,Eritrea,1982,2637297
499,Eritrea,1987,2915959
500,Eritrea,1992,3668440
501,Eritrea,1997,4058319
502,Eritrea,2002,4414865
503,Eritrea,2007,4906585
504,Ethiopia,1952,20860941
505,Ethiopia,1957,22815614
506,Ethiopia,1962,25145372
507,Ethiopia,1967,27860297
508,Ethiopia,1972,30770372
509,Ethiopia,1977,34617799
510,Ethiopia,1982,38111756
511,Ethiopia,1987,42999530
512,Ethiopia,1992,52088559
513,Ethiopia,1997,59861301
514,Ethiopia,2002,67946797
515,Ethiopia,2007,76511887
516,Finland,1952,4090500
517,Finland,1957,4324000
518,Finland,1962,4491443
519,Finland,1967,4605744
520,Finland,1972,4639657
521,Finland,1977,4738902
522,Finland,1982,4826933
523,Finland,1987,4931729
524,Finland,1992,5041039
525,Finland,1997,5134406
526,Finland,2002,5193039
527,Finland,2007,5238460
528,France,1952,42459667
529,France,1957,44310863
530,France,1962,47124000
531,France,1967,49569000
532,France,1972,51732000
533,France,1977,53165019
534,France,1982,54433565
535,France,1987,55630100
536,France,1992,57374179
537,France,1997,58623428
538,France,2002,59925035
539,France,2007,61083916
540,Gabon,1952,420702
541,Gabon,1957,434904
542,Gabon,1962,455661
543,Gabon,1967,489004
544,Gabon,1972,537977
545,Gabon,1977,706367
546,Gabon,1982,753874
547,Gabon,1987,880397
548,Gabon,1992,985739
549,Gabon,1997,1126189
550,Gabon,2002,1299304
551,Gabon,2007,1454867
552,Gambia,1952,284320
553,Gambia,1957,323150
554,Gambia,1962,374020
555,Gambia,1967,439593
556,Gambia,1972,517101
557,Gambia,1977,608274
558,Gambia,1982,715523
559,Gambia,1987,848406
560,Gambia,1992,1025384
561,Gambia,1997,1235767
562,Gambia,2002,1457766
563,Gambia,2007,1688359
564,Germany,1952,69145952
565,Germany,1957,71019069
566,Germany,1962,73739117
567,Germany,1967,76368453
568,Germany,1972,78717088
569,Germany,1977,78160773
570,Germany,1982,78335266
571,Germany,1987,77718298
572,Germany,1992,80597764
573,Germany,1997,82011073
574,Germany,2002,82350671
575,Germany,2007,82400996
576,Ghana,1952,5581001
577,Ghana,1957,6391288
578,Ghana,1962,7355248
579,Ghana,1967,8490213
580,Ghana,1972,9354120
581,Ghana,1977,10538093
582,Ghana,1982,11400338
583,Ghana,1987,14168101
584,Ghana,1992,16278738
585,Ghana,1997,18418288
586,Ghana,2002,20550751
587,Ghana,2007,22873338
588,Greece,1952,7733250
589,Greece,1957,8096218
590,Greece,1962,8448233
591,Greece,1967,8716441
592,Greece,1972,8888628
593,Greece,1977,9308479
594,Greece,1982,9786480
595,Greece,1987,9974490
596,Greece,1992,10325429
597,Greece,1997,10502372
598,Greece,2002,10603863
599,Greece,2007,10706290
600,Guatemala,1952,3146381
601,Guatemala,1957,3640876
602,Guatemala,1962,4208858
603,Guatemala,1967,4690773
604,Guatemala,1972,5149581
605,Guatemala,1977,5703430
606,Guatemala,1982,6395630
607,Guatemala,1987,7326406
608,Guatemala,1992,8486949
609,Guatemala,1997,9803875
610,Guatemala,2002,11178650
611,Guatemala,2007,12572928
612,Guinea,1952,2664249
613,Guinea,1957,2876726
614,Guinea,1962,3140003
615,Guinea,1967,3451418
616,Guinea,1972,3811387
617,Guinea,1977,4227026
618,Guinea,1982,4710497
619,Guinea,1987,5650262
620,Guinea,1992,6990574
621,Guinea,1997,8048834
622,Guinea,2002,8807818
623,Guinea,2007,9947814
624,Guinea-Bissau,1952,580653
625,Guinea-Bissau,1957,601095
626,Guinea-Bissau,1962,627820
627,Guinea-Bissau,1967,601287
628,Guinea-Bissau,1972,625361
629,Guinea-Bissau,1977,745228
630,Guinea-Bissau,1982,825987
631,Guinea-Bissau,1987,927524
632,Guinea-Bissau,1992,1050938
633,Guinea-Bissau,1997,1193708
634,Guinea-Bissau,2002,1332459
635,Guinea-Bissau,2007,1472041
636,Haiti,1952,3201488
637,Haiti,1957,3507701
638,Haiti,1962,3880130
639,Haiti,1967,4318137
640,Haiti,1972,4698301
641,Haiti,1977,4908554
642,Haiti,1982,5198399
643,Haiti,1987,5756203
644,Haiti,1992,6326682
645,Haiti,1997,6913545
646,Haiti,2002,7607651
647,Haiti,2007,8502814
648,Honduras,1952,1517453
649,Honduras,1957,1770390
650,Honduras,1962,2090162
651,Honduras,1967,2500689
652,Honduras,1972,2965146
653,Honduras,1977,3055235
654,Honduras,1982,3669448
655,Honduras,1987,4372203
656,Honduras,1992,5077347
657,Honduras,1997,5867957
658,Honduras,2002,6677328
659,Honduras,2007,7483763
660,"Hong Kong, China",1952,2125900
661,"Hong Kong, China",1957,2736300
662,"Hong Kong, China",1962,3305200
663,"Hong Kong, China",1967,3722800
664,"Hong Kong, China",1972,4115700
665,"Hong Kong, China",1977,4583700
666,"Hong Kong, China",1982,5264500
667,"Hong Kong, China",1987,5584510
668,"Hong Kong, China",1992,5829696
669,"Hong Kong, China",1997,6495918
670,"Hong Kong, China",2002,6762476
671,"Hong Kong, China",2007,6980412
672,Hungary,1952,9504000
673,Hungary,1957,9839000
674,Hungary,1962,10063000
675,Hungary,1967,10223422
676,Hungary,1972,10394091
677,Hungary,1977,10637171
678,Hungary,1982,10705535
679,Hungary,1987,10612740
680,Hungary,1992,10348684
681,Hungary,1997,10244684
682,Hungary,2002,10083313
683,Hungary,2007,9956108
684,Iceland,1952,147962
685,Iceland,1957,165110
686,Iceland,1962,182053
687,Iceland,1967,198676
688,Iceland,1972,209275
689,Iceland,1977,221823
690,Iceland,1982,233997
691,Iceland,1987,244676
692,Iceland,1992,259012
693,Iceland,1997,271192
694,Iceland,2002,288030
695,Iceland,2007,301931
696,India,1952,372000000
697,India,1957,409000000
698,India,1962,454000000
699,India,1967,506000000
700,India,1972,567000000
701,India,1977,634000000
702,India,1982,708000000
703,India,1987,788000000
704,India,1992,872000000
705,India,1997,959000000
706,India,2002,1034172547
707,India,2007,1110396331
708,Indonesia,1952,82052000
709,Indonesia,1957,90124000
710,Indonesia,1962,99028000
711,Indonesia,1967,109343000
712,Indonesia,1972,121282000
713,Indonesia,1977,136725000
714,Indonesia,1982,153343000
715,Indonesia,1987,169276000
716,Indonesia,1992,184816000
717,Indonesia,1997,199278000
718,Indonesia,2002,211060000
719,Indonesia,2007,223547000
720,Iran,1952,17272000
721,Iran,1957,19792000
722,Iran,1962,22874000
723,Iran,1967,26538000
724,Iran,1972,30614000
725,Iran,1977,35480679
726,Iran,1982,43072751
727,Iran,1987,51889696
728,Iran,1992,60397973
729,Iran,1997,63327987
730,Iran,2002,66907826
731,Iran,2007,69453570
732,Iraq,1952,5441766
733,Iraq,1957,6248643
734,Iraq,1962,7240260
735,Iraq,1967,8519282
736,Iraq,1972,10061506
737,Iraq,1977,11882916
738,Iraq,1982,14173318
739,Iraq,1987,16543189
740,Iraq,1992,17861905
741,Iraq,1997,20775703
742,Iraq,2002,24001816
743,Iraq,2007,27499638
744,Ireland,1952,2952156
745,Ireland,1957,2878220
746,Ireland,1962,2830000
747,Ireland,1967,2900100
748,Ireland,1972,3024400
749,Ireland,1977,3271900
750,Ireland,1982,3480000
751,Ireland,1987,3539900
752,Ireland,1992,3557761
753,Ireland,1997,3667233
754,Ireland,2002,3879155
755,Ireland,2007,4109086
756,Israel,1952,1620914
757,Israel,1957,1944401
758,Israel,1962,2310904
759,Israel,1967,2693585
760,Israel,1972,3095893
761,Israel,1977,3495918
762,Israel,1982,3858421
763,Israel,1987,4203148
764,Israel,1992,4936550
765,Israel,1997,5531387
766,Israel,2002,6029529
767,Israel,2007,6426679
768,Italy,1952,47666000
769,Italy,1957,49182000
770,Italy,1962,50843200
771,Italy,1967,52667100
772,Italy,1972,54365564
773,Italy,1977,56059245
774,Italy,1982,56535636
775,Italy,1987,56729703
776,Italy,1992,56840847
777,Italy,1997,57479469
778,Italy,2002,57926999
779,Italy,2007,58147733
780,Jamaica,1952,1426095
781,Jamaica,1957,1535090
782,Jamaica,1962,1665128
783,Jamaica,1967,1861096
784,Jamaica,1972,1997616
785,Jamaica,1977,2156814
786,Jamaica,1982,2298309
787,Jamaica,1987,2326606
788,Jamaica,1992,2378618
789,Jamaica,1997,2531311
790,Jamaica,2002,2664659
791,Jamaica,2007,2780132
792,Japan,1952,86459025
793,Japan,1957,91563009
794,Japan,1962,95831757
795,Japan,1967,100825279
796,Japan,1972,107188273
797,Japan,1977,113872473
798,Japan,1982,118454974
799,Japan,1987,122091325
800,Japan,1992,124329269
801,Japan,1997,125956499
802,Japan,2002,127065841
803,Japan,2007,127467972
804,Jordan,1952,607914
805,Jordan,1957,746559
806,Jordan,1962,933559
807,Jordan,1967,1255058
808,Jordan,1972,1613551
809,Jordan,1977,1937652
810,Jordan,1982,2347031
811,Jordan,1987,2820042
812,Jordan,1992,3867409
813,Jordan,1997,4526235
814,Jordan,2002,5307470
815,Jordan,2007,6053193
816,Kenya,1952,6464046
817,Kenya,1957,7454779
818,Kenya,1962,8678557
819,Kenya,1967,10191512
820,Kenya,1972,12044785
821,Kenya,1977,14500404
822,Kenya,1982,17661452
823,Kenya,1987,21198082
824,Kenya,1992,25020539
825,Kenya,1997,28263827
826,Kenya,2002,31386842
827,Kenya,2007,35610177
828,"Korea, Dem. Rep.",1952,8865488
829,"Korea, Dem. Rep.",1957,9411381
830,"Korea, Dem. Rep.",1962,10917494
831,"Korea, Dem. Rep.",1967,12617009
832,"Korea, Dem. Rep.",1972,14781241
833,"Korea, Dem. Rep.",1977,16325320
834,"Korea, Dem. Rep.",1982,17647518
835,"Korea, Dem. Rep.",1987,19067554
836,"Korea, Dem. Rep.",1992,20711375
837,"Korea, Dem. Rep.",1997,21585105
838,"Korea, Dem. Rep.",2002,22215365
839,"Korea, Dem. Rep.",2007,23301725
840,"Korea, Rep.",1952,20947571
841,"Korea, Rep.",1957,22611552
842,"Korea, Rep.",1962,26420307
843,"Korea, Rep.",1967,30131000
844,"Korea, Rep.",1972,33505000
845,"Korea, Rep.",1977,36436000
846,"Korea, Rep.",1982,39326000
847,"Korea, Rep.",1987,41622000
848,"Korea, Rep.",1992,43805450
849,"Korea, Rep.",1997,46173816
850,"Korea, Rep.",2002,47969150
851,"Korea, Rep.",2007,49044790
852,Kuwait,1952,160000
853,Kuwait,1957,212846
854,Kuwait,1962,358266
855,Kuwait,1967,575003
856,Kuwait,1972,841934
857,Kuwait,1977,1140357
858,Kuwait,1982,1497494
859,Kuwait,1987,1891487
860,Kuwait,1992,1418095
861,Kuwait,1997,1765345
862,Kuwait,2002,2111561
863,Kuwait,2007,2505559
864,Lebanon,1952,1439529
865,Lebanon,1957,1647412
866,Lebanon,1962,1886848
867,Lebanon,1967,2186894
868,Lebanon,1972,2680018
869,Lebanon,1977,3115787
870,Lebanon,1982,3086876
871,Lebanon,1987,3089353
872,Lebanon,1992,3219994
873,Lebanon,1997,3430388
874,Lebanon,2002,3677780
875,Lebanon,2007,3921278
876,Lesotho,1952,748747
877,Lesotho,1957,813338
878,Lesotho,1962,893143
879,Lesotho,1967,996380
880,Lesotho,1972,1116779
881,Lesotho,1977,1251524
882,Lesotho,1982,1411807
883,Lesotho,1987,1599200
884,Lesotho,1992,1803195
885,Lesotho,1997,1982823
886,Lesotho,2002,2046772
887,Lesotho,2007,2012649
888,Liberia,1952,863308
889,Liberia,1957,975950
890,Liberia,1962,1112796
891,Liberia,1967,1279406
892,Liberia,1972,1482628
893,Liberia,1977,1703617
894,Liberia,1982,1956875
895,Liberia,1987,2269414
896,Liberia,1992,1912974
897,Liberia,1997,2200725
898,Liberia,2002,2814651
899,Liberia,2007,3193942
900,Libya,1952,1019729
901,Libya,1957,1201578
902,Libya,1962,1441863
903,Libya,1967,1759224
904,Libya,1972,2183877
905,Libya,1977,2721783
906,Libya,1982,3344074
907,Libya,1987,3799845
908,Libya,1992,4364501
909,Libya,1997,4759670
910,Libya,2002,5368585
911,Libya,2007,6036914
912,Madagascar,1952,4762912
913,Madagascar,1957,5181679
914,Madagascar,1962,5703324
915,Madagascar,1967,6334556
916,Madagascar,1972,7082430
917,Madagascar,1977,8007166
918,Madagascar,1982,9171477
919,Madagascar,1987,10568642
920,Madagascar,1992,12210395
921,Madagascar,1997,14165114
922,Madagascar,2002,16473477
923,Madagascar,2007,19167654
924,Malawi,1952,2917802
925,Malawi,1957,3221238
926,Malawi,1962,3628608
927,Malawi,1967,4147252
928,Malawi,1972,4730997
929,Malawi,1977,5637246
930,Malawi,1982,6502825
931,Malawi,1987,7824747
932,Malawi,1992,10014249
933,Malawi,1997,10419991
934,Malawi,2002,11824495
935,Malawi,2007,13327079
936,Malaysia,1952,6748378
937,Malaysia,1957,7739235
938,Malaysia,1962,8906385
939,Malaysia,1967,10154878
940,Malaysia,1972,11441462
941,Malaysia,1977,12845381
942,Malaysia,1982,14441916
943,Malaysia,1987,16331785
944,Malaysia,1992,18319502
945,Malaysia,1997,20476091
946,Malaysia,2002,22662365
947,Malaysia,2007,24821286
948,Mali,1952,3838168
949,Mali,1957,4241884
950,Mali,1962,4690372
951,Mali,1967,5212416
952,Mali,1972,5828158
953,Mali,1977,6491649
954,Mali,1982,6998256
955,Mali,1987,7634008
956,Mali,1992,8416215
957,Mali,1997,9384984
958,Mali,2002,10580176
959,Mali,2007,12031795
960,Mauritania,1952,1022556
961,Mauritania,1957,1076852
962,Mauritania,1962,1146757
963,Mauritania,1967,1230542
964,Mauritania,1972,1332786
965,Mauritania,1977,1456688
966,Mauritania,1982,1622136
967,Mauritania,1987,1841240
968,Mauritania,1992,2119465
969,Mauritania,1997,2444741
970,Mauritania,2002,2828858
971,Mauritania,2007,3270065
972,Mauritius,1952,516556
973,Mauritius,1957,609816
974,Mauritius,1962,701016
975,Mauritius,1967,789309
976,Mauritius,1972,851334
977,Mauritius,1977,913025
978,Mauritius,1982,992040
979,Mauritius,1987,1042663
980,Mauritius,1992,1096202
981,Mauritius,1997,1149818
982,Mauritius,2002,1200206
983,Mauritius,2007,1250882
984,Mexico,1952,30144317
985,Mexico,1957,35015548
986,Mexico,1962,41121485
987,Mexico,1967,47995559
988,Mexico,1972,55984294
989,Mexico,1977,63759976
990,Mexico,1982,71640904
991,Mexico,1987,80122492
992,Mexico,1992,88111030
993,Mexico,1997,95895146
994,Mexico,2002,102479927
995,Mexico,2007,108700891
996,Mongolia,1952,800663
997,Mongolia,1957,882134
998,Mongolia,1962,1010280
999,Mongolia,1967,1149500
1000,Mongolia,1972,1320500
1001,Mongolia,1977,1528000
1002,Mongolia,1982,1756032
1003,Mongolia,1987,2015133
1004,Mongolia,1992,2312802
1005,Mongolia,1997,2494803
1006,Mongolia,2002,2674234
1007,Mongolia,2007,2874127
1008,Montenegro,1952,413834
1009,Montenegro,1957,442829
1010,Montenegro,1962,474528
1011,Montenegro,1967,501035
1012,Montenegro,1972,527678
1013,Montenegro,1977,560073
1014,Montenegro,1982,562548
1015,Montenegro,1987,569473
1016,Montenegro,1992,621621
1017,Montenegro,1997,692651
1018,Montenegro,2002,720230
1019,Montenegro,2007,684736
1020,Morocco,1952,9939217
1021,Morocco,1957,11406350
1022,Morocco,1962,13056604
1023,Morocco,1967,14770296
1024,Morocco,1972,16660670
1025,Morocco,1977,18396941
1026,Morocco,1982,20198730
1027,Morocco,1987,22987397
1028,Morocco,1992,25798239
1029,Morocco,1997,28529501
1030,Morocco,2002,31167783
1031,Morocco,2007,33757175
1032,Mozambique,1952,6446316
1033,Mozambique,1957,7038035
1034,Mozambique,1962,7788944
1035,Mozambique,1967,8680909
1036,Mozambique,1972,9809596
1037,Mozambique,1977,11127868
1038,Mozambique,1982,12587223
1039,Mozambique,1987,12891952
1040,Mozambique,1992,13160731
1041,Mozambique,1997,16603334
1042,Mozambique,2002,18473780
1043,Mozambique,2007,19951656
1044,Myanmar,1952,20092996
1045,Myanmar,1957,21731844
1046,Myanmar,1962,23634436
1047,Myanmar,1967,25870271
1048,Myanmar,1972,28466390
1049,Myanmar,1977,31528087
1050,Myanmar,1982,34680442
1051,Myanmar,1987,38028578
1052,Myanmar,1992,40546538
1053,Myanmar,1997,43247867
1054,Myanmar,2002,45598081
1055,Myanmar,2007,47761980
1056,Namibia,1952,485831
1057,Namibia,1957,548080
1058,Namibia,1962,621392
1059,Namibia,1967,706640
1060,Namibia,1972,821782
1061,Namibia,1977,977026
1062,Namibia,1982,1099010
1063,Namibia,1987,1278184
1064,Namibia,1992,1554253
1065,Namibia,1997,1774766
1066,Namibia,2002,1972153
1067,Namibia,2007,2055080
1068,Nepal,1952,9182536
1069,Nepal,1957,9682338
1070,Nepal,1962,10332057
1071,Nepal,1967,11261690
1072,Nepal,1972,12412593
1073,Nepal,1977,13933198
1074,Nepal,1982,15796314
1075,Nepal,1987,17917180
1076,Nepal,1992,20326209
1077,Nepal,1997,23001113
1078,Nepal,2002,25873917
1079,Nepal,2007,28901790
1080,Netherlands,1952,10381988
1081,Netherlands,1957,11026383
1082,Netherlands,1962,11805689
1083,Netherlands,1967,12596822
1084,Netherlands,1972,13329874
1085,Netherlands,1977,13852989
1086,Netherlands,1982,14310401
1087,Netherlands,1987,14665278
1088,Netherlands,1992,15174244
1089,Netherlands,1997,15604464
1090,Netherlands,2002,16122830
1091,Netherlands,2007,16570613
1092,New Zealand,1952,1994794
1093,New Zealand,1957,2229407
1094,New Zealand,1962,2488550
1095,New Zealand,1967,2728150
1096,New Zealand,1972,2929100
1097,New Zealand,1977,3164900
1098,New Zealand,1982,3210650
1099,New Zealand,1987,3317166
1100,New Zealand,1992,3437674
1101,New Zealand,1997,3676187
1102,New Zealand,2002,3908037
1103,New Zealand,2007,4115771
1104,Nicaragua,1952,1165790
1105,Nicaragua,1957,1358828
1106,Nicaragua,1962,1590597
1107,Nicaragua,1967,1865490
1108,Nicaragua,1972,2182908
1109,Nicaragua,1977,2554598
1110,Nicaragua,1982,2979423
1111,Nicaragua,1987,3344353
1112,Nicaragua,1992,4017939
1113,Nicaragua,1997,4609572
1114,Nicaragua,2002,5146848
1115,Nicaragua,2007,5675356
1116,Niger,1952,3379468
1117,Niger,1957,3692184
1118,Niger,1962,4076008
1119,Niger,1967,4534062
1120,Niger,1972,5060262
1121,Niger,1977,5682086
1122,Niger,1982,6437188
1123,Niger,1987,7332638
1124,Niger,1992,8392818
1125,Niger,1997,9666252
1126,Niger,2002,11140655
1127,Niger,2007,12894865
1128,Nigeria,1952,33119096
1129,Nigeria,1957,37173340
1130,Nigeria,1962,41871351
1131,Nigeria,1967,47287752
1132,Nigeria,1972,53740085
1133,Nigeria,1977,62209173
1134,Nigeria,1982,73039376
1135,Nigeria,1987,81551520
1136,Nigeria,1992,93364244
1137,Nigeria,1997,106207839
1138,Nigeria,2002,119901274
1139,Nigeria,2007,135031164
1140,Norway,1952,3327728
1141,Norway,1957,3491938
1142,Norway,1962,3638919
1143,Norway,1967,3786019
1144,Norway,1972,3933004
1145,Norway,1977,4043205
1146,Norway,1982,4114787
1147,Norway,1987,4186147
1148,Norway,1992,4286357
1149,Norway,1997,4405672
1150,Norway,2002,4535591
1151,Norway,2007,4627926
1152,Oman,1952,507833
1153,Oman,1957,561977
1154,Oman,1962,628164
1155,Oman,1967,714775
1156,Oman,1972,829050
1157,Oman,1977,1004533
1158,Oman,1982,1301048
1159,Oman,1987,1593882
1160,Oman,1992,1915208
1161,Oman,1997,2283635
1162,Oman,2002,2713462
1163,Oman,2007,3204897
1164,Pakistan,1952,41346560
1165,Pakistan,1957,46679944
1166,Pakistan,1962,53100671
1167,Pakistan,1967,60641899
1168,Pakistan,1972,69325921
1169,Pakistan,1977,78152686
1170,Pakistan,1982,91462088
1171,Pakistan,1987,105186881
1172,Pakistan,1992,120065004
1173,Pakistan,1997,135564834
1174,Pakistan,2002,153403524
1175,Pakistan,2007,169270617
1176,Panama,1952,940080
1177,Panama,1957,1063506
1178,Panama,1962,1215725
1179,Panama,1967,1405486
1180,Panama,1972,1616384
1181,Panama,1977,1839782
1182,Panama,1982,2036305
1183,Panama,1987,2253639
1184,Panama,1992,2484997
1185,Panama,1997,2734531
1186,Panama,2002,2990875
1187,Panama,2007,3242173
1188,Paraguay,1952,1555876
1189,Paraguay,1957,1770902
1190,Paraguay,1962,2009813
1191,Paraguay,1967,2287985
1192,Paraguay,1972,2614104
1193,Paraguay,1977,2984494
1194,Paraguay,1982,3366439
1195,Paraguay,1987,3886512
1196,Paraguay,1992,4483945
1197,Paraguay,1997,5154123
1198,Paraguay,2002,5884491
1199,Paraguay,2007,6667147
1200,Peru,1952,8025700
1201,Peru,1957,9146100
1202,Peru,1962,10516500
1203,Peru,1967,12132200
1204,Peru,1972,13954700
1205,Peru,1977,15990099
1206,Peru,1982,18125129
1207,Peru,1987,20195924
1208,Peru,1992,22430449
1209,Peru,1997,24748122
1210,Peru,2002,26769436
1211,Peru,2007,28674757
1212,Philippines,1952,22438691
1213,Philippines,1957,26072194
1214,Philippines,1962,30325264
1215,Philippines,1967,35356600
1216,Philippines,1972,40850141
1217,Philippines,1977,46850962
1218,Philippines,1982,53456774
1219,Philippines,1987,60017788
1220,Philippines,1992,67185766
1221,Philippines,1997,75012988
1222,Philippines,2002,82995088
1223,Philippines,2007,91077287
1224,Poland,1952,25730551
1225,Poland,1957,28235346
1226,Poland,1962,30329617
1227,Poland,1967,31785378
1228,Poland,1972,33039545
1229,Poland,1977,34621254
1230,Poland,1982,36227381
1231,Poland,1987,37740710
1232,Poland,1992,38370697
1233,Poland,1997,38654957
1234,Poland,2002,38625976
1235,Poland,2007,38518241
1236,Portugal,1952,8526050
1237,Portugal,1957,8817650
1238,Portugal,1962,9019800
1239,Portugal,1967,9103000
1240,Portugal,1972,8970450
1241,Portugal,1977,9662600
1242,Portugal,1982,9859650
1243,Portugal,1987,9915289
1244,Portugal,1992,9927680
1245,Portugal,1997,10156415
1246,Portugal,2002,10433867
1247,Portugal,2007,10642836
1248,Puerto Rico,1952,2227000
1249,Puerto Rico,1957,2260000
1250,Puerto Rico,1962,2448046
1251,Puerto Rico,1967,2648961
1252,Puerto Rico,1972,2847132
1253,Puerto Rico,1977,3080828
1254,Puerto Rico,1982,3279001
1255,Puerto Rico,1987,3444468
1256,Puerto Rico,1992,3585176
1257,Puerto Rico,1997,3759430
1258,Puerto Rico,2002,3859606
1259,Puerto Rico,2007,3942491
1260,Reunion,1952,257700
1261,Reunion,1957,308700
1262,Reunion,1962,358900
1263,Reunion,1967,414024
1264,Reunion,1972,461633
1265,Reunion,1977,492095
1266,Reunion,1982,517810
1267,Reunion,1987,562035
1268,Reunion,1992,622191
1269,Reunion,1997,684810
1270,Reunion,2002,743981
1271,Reunion,2007,798094
1272,Romania,1952,16630000
1273,Romania,1957,17829327
1274,Romania,1962,18680721
1275,Romania,1967,19284814
1276,Romania,1972,20662648
1277,Romania,1977,21658597
1278,Romania,1982,22356726
1279,Romania,1987,22686371
1280,Romania,1992,22797027
1281,Romania,1997,22562458
1282,Romania,2002,22404337
1283,Romania,2007,22276056
1284,Rwanda,1952,2534927
1285,Rwanda,1957,2822082
1286,Rwanda,1962,3051242
1287,Rwanda,1967,3451079
1288,Rwanda,1972,3992121
1289,Rwanda,1977,4657072
1290,Rwanda,1982,5507565
1291,Rwanda,1987,6349365
1292,Rwanda,1992,7290203
1293,Rwanda,1997,7212583
1294,Rwanda,2002,7852401
1295,Rwanda,2007,8860588
1296,Sao Tome and Principe,1952,60011
1297,Sao Tome and Principe,1957,61325
1298,Sao Tome and Principe,1962,65345
1299,Sao Tome and Principe,1967,70787
1300,Sao Tome and Principe,1972,76595
1301,Sao Tome and Principe,1977,86796
1302,Sao Tome and Principe,1982,98593
1303,Sao Tome and Principe,1987,110812
1304,Sao Tome and Principe,1992,125911
1305,Sao Tome and Principe,1997,145608
1306,Sao Tome and Principe,2002,170372
1307,Sao Tome and Principe,2007,199579
1308,Saudi Arabia,1952,4005677
1309,Saudi Arabia,1957,4419650
1310,Saudi Arabia,1962,4943029
1311,Saudi Arabia,1967,5618198
1312,Saudi Arabia,1972,6472756
1313,Saudi Arabia,1977,8128505
1314,Saudi Arabia,1982,11254672
1315,Saudi Arabia,1987,14619745
1316,Saudi Arabia,1992,16945857
1317,Saudi Arabia,1997,21229759
1318,Saudi Arabia,2002,24501530
1319,Saudi Arabia,2007,27601038
1320,Senegal,1952,2755589
1321,Senegal,1957,3054547
1322,Senegal,1962,3430243
1323,Senegal,1967,3965841
1324,Senegal,1972,4588696
1325,Senegal,1977,5260855
1326,Senegal,1982,6147783
1327,Senegal,1987,7171347
1328,Senegal,1992,8307920
1329,Senegal,1997,9535314
1330,Senegal,2002,10870037
1331,Senegal,2007,12267493
1332,Serbia,1952,6860147
1333,Serbia,1957,7271135
1334,Serbia,1962,7616060
1335,Serbia,1967,7971222
1336,Serbia,1972,8313288
1337,Serbia,1977,8686367
1338,Serbia,1982,9032824
1339,Serbia,1987,9230783
1340,Serbia,1992,9826397
1341,Serbia,1997,10336594
1342,Serbia,2002,10111559
1343,Serbia,2007,10150265
1344,Sierra Leone,1952,2143249
1345,Sierra Leone,1957,2295678
1346,Sierra Leone,1962,2467895
1347,Sierra Leone,1967,2662190
1348,Sierra Leone,1972,2879013
1349,Sierra Leone,1977,3140897
1350,Sierra Leone,1982,3464522
1351,Sierra Leone,1987,3868905
1352,Sierra Leone,1992,4260884
1353,Sierra Leone,1997,4578212
1354,Sierra Leone,2002,5359092
1355,Sierra Leone,2007,6144562
1356,Singapore,1952,1127000
1357,Singapore,1957,1445929
1358,Singapore,1962,1750200
1359,Singapore,1967,1977600
1360,Singapore,1972,2152400
1361,Singapore,1977,2325300
1362,Singapore,1982,2651869
1363,Singapore,1987,2794552
1364,Singapore,1992,3235865
1365,Singapore,1997,3802309
1366,Singapore,2002,4197776
1367,Singapore,2007,4553009
1368,Slovak Republic,1952,3558137
1369,Slovak Republic,1957,3844277
1370,Slovak Republic,1962,4237384
1371,Slovak Republic,1967,4442238
1372,Slovak Republic,1972,4593433
1373,Slovak Republic,1977,4827803
1374,Slovak Republic,1982,5048043
1375,Slovak Republic,1987,5199318
1376,Slovak Republic,1992,5302888
1377,Slovak Republic,1997,5383010
1378,Slovak Republic,2002,5410052
1379,Slovak Republic,2007,5447502
1380,Slovenia,1952,1489518
1381,Slovenia,1957,1533070
1382,Slovenia,1962,1582962
1383,Slovenia,1967,1646912
1384,Slovenia,1972,1694510
1385,Slovenia,1977,1746919
1386,Slovenia,1982,1861252
1387,Slovenia,1987,1945870
1388,Slovenia,1992,1999210
1389,Slovenia,1997,2011612
1390,Slovenia,2002,2011497
1391,Slovenia,2007,2009245
1392,Somalia,1952,2526994
1393,Somalia,1957,2780415
1394,Somalia,1962,3080153
1395,Somalia,1967,3428839
1396,Somalia,1972,3840161
1397,Somalia,1977,4353666
1398,Somalia,1982,5828892
1399,Somalia,1987,6921858
1400,Somalia,1992,6099799
1401,Somalia,1997,6633514
1402,Somalia,2002,7753310
1403,Somalia,2007,9118773
1404,South Africa,1952,14264935
1405,South Africa,1957,16151549
1406,South Africa,1962,18356657
1407,South Africa,1967,20997321
1408,South Africa,1972,23935810
1409,South Africa,1977,27129932
1410,South Africa,1982,31140029
1411,South Africa,1987,35933379
1412,South Africa,1992,39964159
1413,South Africa,1997,42835005
1414,South Africa,2002,44433622
1415,South Africa,2007,43997828
1416,Spain,1952,28549870
1417,Spain,1957,29841614
1418,Spain,1962,31158061
1419,Spain,1967,32850275
1420,Spain,1972,34513161
1421,Spain,1977,36439000
1422,Spain,1982,37983310
1423,Spain,1987,38880702
1424,Spain,1992,39549438
1425,Spain,1997,39855442
1426,Spain,2002,40152517
1427,Spain,2007,40448191
1428,Sri Lanka,1952,7982342
1429,Sri Lanka,1957,9128546
1430,Sri Lanka,1962,10421936
1431,Sri Lanka,1967,11737396
1432,Sri Lanka,1972,13016733
1433,Sri Lanka,1977,14116836
1434,Sri Lanka,1982,15410151
1435,Sri Lanka,1987,16495304
1436,Sri Lanka,1992,17587060
1437,Sri Lanka,1997,18698655
1438,Sri Lanka,2002,19576783
1439,Sri Lanka,2007,20378239
1440,Sudan,1952,8504667
1441,Sudan,1957,9753392
1442,Sudan,1962,11183227
1443,Sudan,1967,12716129
1444,Sudan,1972,14597019
1445,Sudan,1977,17104986
1446,Sudan,1982,20367053
1447,Sudan,1987,24725960
1448,Sudan,1992,28227588
1449,Sudan,1997,32160729
1450,Sudan,2002,37090298
1451,Sudan,2007,42292929
1452,Swaziland,1952,290243
1453,Swaziland,1957,326741
1454,Swaziland,1962,370006
1455,Swaziland,1967,420690
1456,Swaziland,1972,480105
1457,Swaziland,1977,551425
1458,Swaziland,1982,649901
1459,Swaziland,1987,779348
1460,Swaziland,1992,962344
1461,Swaziland,1997,1054486
1462,Swaziland,2002,1130269
1463,Swaziland,2007,1133066
1464,Sweden,1952,7124673
1465,Sweden,1957,7363802
1466,Sweden,1962,7561588
1467,Sweden,1967,7867931
1468,Sweden,1972,8122293
1469,Sweden,1977,8251648
1470,Sweden,1982,8325260
1471,Sweden,1987,8421403
1472,Sweden,1992,8718867
1473,Sweden,1997,8897619
1474,Sweden,2002,8954175
1475,Sweden,2007,9031088
1476,Switzerland,1952,4815000
1477,Switzerland,1957,5126000
1478,Switzerland,1962,5666000
1479,Switzerland,1967,6063000
1480,Switzerland,1972,6401400
1481,Switzerland,1977,6316424
1482,Switzerland,1982,6468126
1483,Switzerland,1987,6649942
1484,Switzerland,1992,6995447
1485,Switzerland,1997,7193761
1486,Switzerland,2002,7361757
1487,Switzerland,2007,7554661
1488,Syria,1952,3661549
1489,Syria,1957,4149908
1490,Syria,1962,4834621
1491,Syria,1967,5680812
1492,Syria,1972,6701172
1493,Syria,1977,7932503
1494,Syria,1982,9410494
1495,Syria,1987,11242847
1496,Syria,1992,13219062
1497,Syria,1997,15081016
1498,Syria,2002,17155814
1499,Syria,2007,19314747
1500,Taiwan,1952,8550362
1501,Taiwan,1957,10164215
1502,Taiwan,1962,11918938
1503,Taiwan,1967,13648692
1504,Taiwan,1972,15226039
1505,Taiwan,1977,16785196
1506,Taiwan,1982,18501390
1507,Taiwan,1987,19757799
1508,Taiwan,1992,20686918
1509,Taiwan,1997,21628605
1510,Taiwan,2002,22454239
1511,Taiwan,2007,23174294
1512,Tanzania,1952,8322925
1513,Tanzania,1957,9452826
1514,Tanzania,1962,10863958
1515,Tanzania,1967,12607312
1516,Tanzania,1972,14706593
1517,Tanzania,1977,17129565
1518,Tanzania,1982,19844382
1519,Tanzania,1987,23040630
1520,Tanzania,1992,26605473
1521,Tanzania,1997,30686889
1522,Tanzania,2002,34593779
1523,Tanzania,2007,38139640
1524,Thailand,1952,21289402
1525,Thailand,1957,25041917
1526,Thailand,1962,29263397
1527,Thailand,1967,34024249
1528,Thailand,1972,39276153
1529,Thailand,1977,44148285
1530,Thailand,1982,48827160
1531,Thailand,1987,52910342
1532,Thailand,1992,56667095
1533,Thailand,1997,60216677
1534,Thailand,2002,62806748
1535,Thailand,2007,65068149
1536,Togo,1952,1219113
1537,Togo,1957,1357445
1538,Togo,1962,1528098
1539,Togo,1967,1735550
1540,Togo,1972,2056351
1541,Togo,1977,2308582
1542,Togo,1982,2644765
1543,Togo,1987,3154264
1544,Togo,1992,3747553
1545,Togo,1997,4320890
1546,Togo,2002,4977378
1547,Togo,2007,5701579
1548,Trinidad and Tobago,1952,662850
1549,Trinidad and Tobago,1957,764900
1550,Trinidad and Tobago,1962,887498
1551,Trinidad and Tobago,1967,960155
1552,Trinidad and Tobago,1972,975199
1553,Trinidad and Tobago,1977,1039009
1554,Trinidad and Tobago,1982,1116479
1555,Trinidad and Tobago,1987,1191336
1556,Trinidad and Tobago,1992,1183669
1557,Trinidad and Tobago,1997,1138101
1558,Trinidad and Tobago,2002,1101832
1559,Trinidad and Tobago,2007,1056608
1560,Tunisia,1952,3647735
1561,Tunisia,1957,3950849
1562,Tunisia,1962,4286552
1563,Tunisia,1967,4786986
1564,Tunisia,1972,5303507
1565,Tunisia,1977,6005061
1566,Tunisia,1982,6734098
1567,Tunisia,1987,7724976
1568,Tunisia,1992,8523077
1569,Tunisia,1997,9231669
1570,Tunisia,2002,9770575
1571,Tunisia,2007,10276158
1572,Turkey,1952,22235677
1573,Turkey,1957,25670939
1574,Turkey,1962,29788695
1575,Turkey,1967,33411317
1576,Turkey,1972,37492953
1577,Turkey,1977,42404033
1578,Turkey,1982,47328791
1579,Turkey,1987,52881328
1580,Turkey,1992,58179144
1581,Turkey,1997,63047647
1582,Turkey,2002,67308928
1583,Turkey,2007,71158647
1584,Uganda,1952,5824797
1585,Uganda,1957,6675501
1586,Uganda,1962,7688797
1587,Uganda,1967,8900294
1588,Uganda,1972,10190285
1589,Uganda,1977,11457758
1590,Uganda,1982,12939400
1591,Uganda,1987,15283050
1592,Uganda,1992,18252190
1593,Uganda,1997,21210254
1594,Uganda,2002,24739869
1595,Uganda,2007,29170398
1596,United Kingdom,1952,50430000
1597,United Kingdom,1957,51430000
1598,United Kingdom,1962,53292000
1599,United Kingdom,1967,54959000
1600,United Kingdom,1972,56079000
1601,United Kingdom,1977,56179000
1602,United Kingdom,1982,56339704
1603,United Kingdom,1987,56981620
1604,United Kingdom,1992,57866349
1605,United Kingdom,1997,58808266
1606,United Kingdom,2002,59912431
1607,United Kingdom,2007,60776238
1608,United States,1952,157553000
1609,United States,1957,171984000
1610,United States,1962,186538000
1611,United States,1967,198712000
1612,United States,1972,209896000
1613,United States,1977,220239000
1614,United States,1982,232187835
1615,United States,1987,242803533
1616,United States,1992,256894189
1617,United States,1997,272911760
1618,United States,2002,287675526
1619,United States,2007,301139947
1620,Uruguay,1952,2252965
1621,Uruguay,1957,2424959
1622,Uruguay,1962,2598466
1623,Uruguay,1967,2748579
1624,Uruguay,1972,2829526
1625,Uruguay,1977,2873520
1626,Uruguay,1982,2953997
1627,Uruguay,1987,3045153
1628,Uruguay,1992,3149262
1629,Uruguay,1997,3262838
1630,Uruguay,2002,3363085
1631,Uruguay,2007,3447496
1632,Venezuela,1952,5439568
1633,Venezuela,1957,6702668
1634,Venezuela,1962,8143375
1635,Venezuela,1967,9709552
1636,Venezuela,1972,11515649
1637,Venezuela,1977,13503563
1638,Venezuela,1982,15620766
1639,Venezuela,1987,17910182
1640,Venezuela,1992,20265563
1641,Venezuela,1997,22374398
1642,Venezuela,2002,24287670
1643,Venezuela,2007,26084662
1644,Vietnam,1952,26246839
1645,Vietnam,1957,28998543
1646,Vietnam,1962,33796140
1647,Vietnam,1967,39463910
1648,Vietnam,1972,44655014
1649,Vietnam,1977,50533506
1650,Vietnam,1982,56142181
1651,Vietnam,1987,62826491
1652,Vietnam,1992,69940728
1653,Vietnam,1997,76048996
1654,Vietnam,2002,80908147
1655,Vietnam,2007,85262356
1656,West Bank and Gaza,1952,1030585
1657,West Bank and Gaza,1957,1070439
1658,West Bank and Gaza,1962,1133134
1659,West Bank and Gaza,1967,1142636
1660,West Bank and Gaza,1972,1089572
1661,West Bank and Gaza,1977,1261091
1662,West Bank and Gaza,1982,1425876
1663,West Bank and Gaza,1987,1691210
1664,West Bank and Gaza,1992,2104779
1665,West Bank and Gaza,1997,2826046
1666,West Bank and Gaza,2002,3389578
1667,West Bank and Gaza,2007,4018332
1668,"Yemen, Rep.",1952,4963829
1669,"Yemen, Rep.",1957,5498090
1670,"Yemen, Rep.",1962,6120081
1671,"Yemen, Rep.",1967,6740785
1672,"Yemen, Rep.",1972,7407075
1673,"Yemen, Rep.",1977,8403990
1674,"Yemen, Rep.",1982,9657618
1675,"Yemen, Rep.",1987,11219340
1676,"Yemen, Rep.",1992,13367997
1677,"Yemen, Rep.",1997,15826497
1678,"Yemen, Rep.",2002,18701257
1679,"Yemen, Rep.",2007,22211743
1680,Zambia,1952,2672000
1681,Zambia,1957,3016000
1682,Zambia,1962,3421000
1683,Zambia,1967,3900000
1684,Zambia,1972,4506497
1685,Zambia,1977,5216550
1686,Zambia,1982,6100407
1687,Zambia,1987,7272406
1688,Zambia,1992,8381163
1689,Zambia,1997,9417789
1690,Zambia,2002,10595811
1691,Zambia,2007,11746035
1692,Zimbabwe,1952,3080907
1693,Zimbabwe,1957,3646340
1694,Zimbabwe,1962,4277736
1695,Zimbabwe,1967,4995432
1696,Zimbabwe,1972,5861135
1697,Zimbabwe,1977,6642107
1698,Zimbabwe,1982,7636524
1699,Zimbabwe,1987,9216418
1700,Zimbabwe,1992,10704340
1701,Zimbabwe,1997,11404948
1702,Zimbabwe,2002,11926563
1703,Zimbabwe,2007,12311143
